Txn Hash,Method,Block,Age,From,To,Value,Txn Fee
0xa04ca356d6bfe5c53135f9ce6016f80ee2ad20664d98b88ba646abf2ecd2d6ab,0xa0e33a01,22392641,12 secs ago,0x9552b11de49f7e1f1e6131ccd1fca02641ae8367,0x04ad468c965f1118f795a1b5949aa34803ad5877,0 BNB,0.00021059
0xbbb40ebf90b546854acacc01e526b065727a1ea53172c395146824fa08e9b816,0xa0e33a01,22392641,12 secs ago,0x604f93c0d3d26931d5242d039b9f9d3e560d4b16,0x04ad468c965f1118f795a1b5949aa34803ad5877,0 BNB,0.00021059
0x34279bb6e8bf99eef7808290da7387fbb6b4d260f46790cea3c3c918a62c1b11,0xfe5856bb,22392641,12 secs ago,0xb1eab314a216a63f9ad50ef37fc8e75db548debb,0xfa20dfae69d86a0bd64a391557bd2fb60bef8f1d,0 BNB,0.00025415
0x209768c15d9d9570e187bd293f828755a62ce70fac68385f4858cd48b4b1242d,0xfe5856bb,22392641,12 secs ago,0x03ce6c61f12238f71a4b0d7d568470d848ae28f0,0xfa20dfae69d86a0bd64a391557bd2fb60bef8f1d,0 BNB,0.00031201
